DROP TABLE IF EXISTS CUSTOMER;
CREATE TABLE CUSTOMER (
	CUSTOMER_ID VARCHAR(64) NOT NULL,
    FIRST_NAME VARCHAR(64) NOT NULL,
	LAST_NAME VARCHAR(64) NOT NULL,
	PRIMARY_ADDRESS VARCHAR(64) NOT NULL,
	PRIMARY_CONTACT_NO INT NOT NULL,
	PRIMARY_EMAIL VARCHAR(64) NOT NULL,
	
	PRIMARY KEY(CUSTOMER_ID)
);

INSERT INTO CUSTOMER VALUES
		('C001', 'DAVID', 'BECKHAM', '1 OLD TRAFFORD', 90123111, 'becks@gmail.com'),
    	('C002', 'STEVEN', 'GERRARD', '2 ANFIELD', 90123222, 'stevieg@gmail.com'),
       	('C003', 'HARRY', 'KANE', '3 WHITE HART LANE', 90123333, 'hkane@gmail.com'),
       	('C004', 'JURGEN', 'KLOPP', '3 ANFIELD', 90123444, 'jklopp@gmail.com');


DROP TABLE IF EXISTS ACCOUNT;
CREATE TABLE ACCOUNT (
	ACCOUNT_ID VARCHAR(64), 
	CUSTOMER_ID VARCHAR(64),
	DEBIT DECIMAL(10, 2), 
	CREDIT DECIMAL(10, 2),
	BALANCE DECIMAL(10, 2),

	PRIMARY KEY(ACCOUNT_ID)
	FOREIGN KEY (CUSTOMER_ID) REFERENCES CUSTOMER(CUSTOMER_ID)
);

INSERT INTO ACCOUNT VALUES 
		('A001', 'C001', 500.00, 0.00, 500.00),
    	('A002', 'C002', 0.00, 1000.00, 1000.00),
    	('A003', 'C003', 200.00, 0.00, 200.00),
       	('A004', 'C004', 0.00, 300.00, 300.00);


DROP TABLE IF EXISTS TRANSFER_DETAILS;
CREATE TABLE TRANSFER_DETAILS (
    TRANSFER_ID VARCHAR(64),
    ACCOUNT_ID_FROM VARCHAR(64),
    ACCOUNT_ID_TO VARCHAR(64),
	DATE DATE NOT NULL,
    AMOUNT DECIMAL(10, 2) NOT NULL,

	PRIMARY KEY(TRANSFER_ID)
	-- FOREIGN KEY (ACCOUNT_ID_FROM) REFERENCES ACCOUNT(ACCOUNT_ID)
	-- FOREIGN KEY (ACCOUNT_ID_TO) REFERENCES ACCOUNT(ACCOUNT_ID)
);

INSERT INTO TRANSFER_DETAILS VALUES
		('T001',  'A001', 'A004', '2023-01-01', 100.00),
		('T002',  'A002', 'A004', '2023-02-01', 100.00),
		('T003',  'A001', 'A004', '2023-01-01', 100.00),
		('T004',  'A002', 'A004', '2023-02-01', 100.00),
    	('T005',  'A002', 'A004', '2023-02-01', 100.00);

DROP TABLE IF EXISTS WITHDRAW;
CREATE TABLE WITHDRAW (
    WITHDRAWAL_ID VARCHAR(64),
    DATE DATE NOT NULL,
    AMOUNT DECIMAL(10, 2) NOT NULL,
    ACCOUNT_ID VARCHAR(64),

    PRIMARY KEY(WITHDRAWAL_ID),
    FOREIGN KEY (ACCOUNT_ID) REFERENCES ACCOUNT(ACCOUNT_ID)
);

INSERT INTO WITHDRAW VALUES 
		('W001', '2023-06-01', -50.00, 'A001'),
       	('W002', '2023-06-15', -75.00, 'A002'),
       	('W003', '2023-07-01', -30.00, 'A003'),
       	('W004', '2023-07-15', -100.00, 'A004'),
       	('W005', '2023-08-01', -25.00, 'A001');


DROP TABLE IF EXISTS DEPOSIT;
CREATE TABLE DEPOSIT (
    DEPOSIT_ID VARCHAR(64),
    DATE DATE NOT NULL,
    AMOUNT DECIMAL(10, 2) NOT NULL,
    ACCOUNT_ID VARCHAR(64),

    PRIMARY KEY(DEPOSIT_ID),
    FOREIGN KEY (ACCOUNT_ID) REFERENCES ACCOUNT(ACCOUNT_ID)
);

INSERT INTO DEPOSIT VALUES 
		('D001', '2023-06-05', 200.00, 'A001'),
       	('D002', '2023-06-20', 150.00, 'A002'),
       	('D003', '2023-07-05', 80.00, 'A003'),
       	('D004', '2023-07-20', 120.00, 'A004'),
       	('D005', '2023-08-05', 50.00, 'A001');